0.11,-0.082999997,0.075000003,-0.94385433,10.832939,8.2026377,16.237434,12.942854,74.929947,0.43975583,283.75226,25.097315,0.72865844,0
-0.19,-0.081,0.050000001,-1.0097717,13.495424,10.592028,21.5905,12.574936,87.53714,1.1675951,291.0072,4.066731,1.0061564,0
-0.37,-0.082000002,0.025,0.52121794,14.976719,11.566931,42.53973,19.59067,123.79427,-0.68851489,288.46466,26.373363,1.1467713,0
-0.69999999,-0.185,0.050000001,-0.47435537,19.508173,20.842121,0,16.082355,195.07449,-0.33227238,297.11993,0.00055729155,1.8382173,0
-1.21,-0.19400001,0.050000001,0.28276822,24.440966,27.153637,16.91234,10.747044,240.61905,-0.94194365,298.82458,2.3852127,2.2508948,0
-0.99000001,-0.186,0.050000001,-0.26187512,27.988613,37.323925,0,6.0290413,257.34216,-0.49503475,302.00998,0,3.1083021,0
0.12,-0.23100001,0,0.13361639,32.120464,37.481297,25.833982,9.6452112,267.08823,-0.62091577,306.3692,9.13309,3.3247387,0
-0.079999998,-0.31099999,0.025,1.1806631,32.189713,31.992031,62.205811,21.359549,211.34044,-0.52843368,306.67047,18.823975,3.1687756,0
0.50999999,-0.31,0,0.12127367,28.952808,28.096619,13.101325,14.092201,178.90161,-0.52766192,294.21936,7.5446577,2.7822778,0
0.15000001,-0.373,0,-0.28822353,21.247242,22.910055,0.34105006,6.0489631,142.91486,-1.1615533,290.70621,0.0031242676,2.0739806,0
-0.60000002,-0.419,0,1.3669885,15.170769,10.72425,55.703259,4.3417926,82.88414,-1.3530265,285.65021,16.654366,0.99964845,0
0.16,-0.382,0.12820514,2.5150437,11.015414,7.0851679,60.087444,16.232708,59.48526,-1.926295,279.78519,59.122448,0.57716739,0
0.40000001,-0.30000001,0.15000001,2.4303792,11.70325,9.2728386,20.229046,16.171158,82.583511,-2.1118453,281.74539,45.877846,0.75519401,0
0.97000003,-0.106,0.75,2.7294226,12.607342,8.4735889,32.591522,25.187761,72.798874,0.13530722,288.17758,46.754364,0.77874333,0
1.73,0.079000004,0.85000002,4.2547216,14.389033,9.911849,71.801308,39.770447,125.29268,1.4976255,294.98257,70.004288,0.91261864,0
1.26,0.057,0.80000001,4.8790092,16.939978,15.776913,5.8964934,16.174637,167.01901,2.4102678,290.67856,3.504823,1.3676969,0
1.01,-0.050000001,0.80000001,5.6351662,24.187147,30.048082,0,11.992982,234.27242,2.9852183,301.83252,0.00075091061,2.6168149,0
1.9,-0.056000002,0.80000001,5.4602585,28.926851,37.752354,0,6.4746447,261.00888,4.655726,303.19836,0,3.109875,0
2.47,-0.017000001,0.82499999,4.5238457,32.83371,40.361652,11.352185,31.669615,248.65999,4.1795244,306.46506,38.144299,3.3135779,0
1.1799999,-0.16,0.97500002,4.7728715,31.505856,31.043839,52.527328,69.367188,199.57777,3.6434033,306.93564,101.01562,2.502013,0
0.47,-0.21799999,0.94999999,5.4686627,31.189983,29.762182,60.544926,37.38398,166.49733,3.2144759,294.37576,55.527283,2.2326891,0
0.68000001,-0.198,0.94871795,5.2130122,22.509905,16.164614,24.997932,34.579926,121.02461,3.2099023,295.73846,22.504322,1.5125937,0
1.1900001,-0.16,0.94871795,4.5322042,15.819235,12.281713,12.066232,11.271975,95.324203,5.5002856,282.71411,11.798055,1.0538502,0
1.72,-0.0049999999,0.94871795,4.1661701,11.825753,7.5670228,29.484756,14.495774,68.310219,5.8028755,285.4364,22.189432,0.62549067,0
1.42,-0.109,0.89999998,3.3040197,11.865133,9.5114899,6.2219777,15.719874,81.925789,5.7464957,288.39529,6.1451492,0.75757605,0
1.23,-0.090000004,0.82499999,2.2180803,13.281738,13.282695,0,9.7737103,105.75357,5.0657306,290.51996,0,1.1716222,0
1.5599999,-0.127,0.67500001,1.1736729,17.304041,18.012165,0,9.2204971,161.59618,4.6291556,289.04434,0,1.5826,0
1,-0.16,0.72500002,1.2445781,19.338009,19.728954,20.531921,8.9458113,192.52325,3.7248721,291.33139,3.7018723,1.7123859,0
0.87,-0.168,0.75,0.7489683,27.294849,35.945961,1.3135915,8.5066996,262.83044,2.557548,303.22607,1.1055077,3.1287756,0
-0.13,-0.32699999,0.75,0.66818297,29.322832,36.949059,1.9976466,8.7070837,263.21555,1.6598819,305.89603,3.3023086,3.1240633,0
-0.34999999,-0.26800001,0.75,2.8125703,32.028767,29.380791,93.896584,31.662125,212.7796,1.5023857,303.88452,38.849735,2.5959189,0
0.0099999998,-0.228,0.69999999,2.6482813,31.431156,27.489241,32.668026,38.785557,179.56441,1.3041673,306.49841,38.094208,2.3829043,0
0.18000001,-0.211,0.97500002,3.872885,29.975031,27.739014,69.902153,57.717617,208.09915,1.3260995,300.31943,128.88892,2.3553886,0
0.43000001,-0.34599999,0.97435898,3.3141453,20.702173,16.99835,7.3245869,17.401583,142.55537,1.5407037,291.55316,3.6310587,1.4778806,0
0.54000002,-0.42699999,0.97435898,3.4077847,15.377498,13.201883,29.657133,7.4961343,89.553757,1.7583469,283.82669,13.247715,1.1000309,0
0.47999999,-0.31999999,0.97435898,4.9199357,10.623078,5.9946146,87.671761,20.611023,51.135998,4.8647265,283.24454,86.434006,0.43497238,0
0.87,-0.35699999,0.97500002,4.7182865,11.031934,7.4498911,23.796478,23.233263,64.228951,4.1288857,275.8649,7.8296728,0.53014779,0
0.47999999,-0.33199999,0.94999999,4.3391004,11.467968,10.463878,13.709153,25.441893,83.67218,3.7075171,289.51706,25.776663,0.82546806,0
-0.34,-0.359,0.92500001,4.0617785,15.477296,12.977644,15.584305,21.179842,134.15605,5.6566224,287.12155,3.5861218,1.2199019,0
-0.51999998,-0.403,0.92500001,4.0434732,21.687748,23.206806,2.8293362,13.757162,192.4373,-0.36412418,297.44885,1.4348735,2.1570406,0
-0.87,-0.34,0.92500001,3.7395821,26.075741,32.084366,0,9.2929125,251.04443,-0.22438021,298.30267,0.001085876,2.67295,0
0.039999999,-0.131,0.92500001,3.2608466,30.995159,43.943832,0,5.6706967,274.10263,-0.70169079,306.47501,0.0012763871,3.8456683,0
0.51999998,-0.155,0.92500001,3.1719394,33.478607,40.998657,31.628178,11.493452,269.35605,-0.73252612,305.01801,13.271746,3.6218312,0
0.19,-0.28400001,0.875,2.1816702,32.664867,38.72768,7.2641778,14.361629,237.79837,-0.76268721,305.16635,3.3088856,3.2300923,0
0.13,-0.25,0.72500002,2.3347683,26.712252,26.664415,29.384184,7.2371058,181.75916,-0.73770624,296.32001,0.83602768,2.2508726,0
0.14,-0.248,0.76923078,2.5416074,22.355888,19.105082,29.31399,15.207294,133.59981,-1.2052006,293.42651,17.672749,1.6516635,0
-0.64999998,-0.29800001,0.87179488,3.384692,15.018685,11.89055,51.042503,14.079831,87.737877,-1.9456656,283.79398,39.655567,0.93408281,0
0.33000001,-0.33899999,0.8974359,3.324276,11.694401,9.0073681,26.679602,18.517685,76.481277,-2.6790426,288.74429,17.709894,0.77959532,0
1.04,-0.34599999,0.80000001,-0.64326233,14.533145,12.321133,1.7938633,11.153091,91.389603,0.34263659,288.06976,2.9274423,1.0646393,0
1.47,-0.278,0.80000001,-0.49621806,13.869088,10.607623,31.78056,18.517628,82.23497,1.32985,295.89749,19.403908,0.93867844,0
1.6799999,-0.29499999,0.69999999,-0.48582527,18.876335,17.185881,35.109425,26.595407,150.30243,1.1214803,298.03299,22.402731,1.5087614,0
1.21,-0.32699999,0.67500001,-0.93155742,21.286972,22.141918,1.3480197,15.939168,205.54321,-0.61254233,297.11264,3.2827551,1.9319407,0
0.85000002,-0.23100001,0.67500001,-1.1380358,25.772064,32.004032,1.3512111,8.8394489,262.22635,-0.66623241,301.61887,0,2.6512778,0
0.62,-0.264,0.67500001,-1.1306036,31.760817,40.702965,0,5.848547,277.49051,0.46505237,303.67578,0.62325591,3.4809439,0
1.05,-0.252,0.64999998,-0.22608396,31.666355,33.050903,40.17841,36.19286,234.68262,0.4090704,308.86005,48.931786,2.8488159,0
-0.19,-0.27500001,0.67500001,-0.56567407,33.631622,33.87233,18.160469,28.945915,230.10146,-0.43145555,301.87302,21.496227,3.0415297,0
-0.029999999,-0.223,0.55000001,-0.95571822,27.490742,27.512589,6.7099304,14.995981,179.10806,-0.40105394,294.42075,7.8555431,2.4116647,0
1,-0.32100001,0.51282054,-0.53582102,21.561703,18.732773,20.54302,9.1714096,121.01978,0.90146637,294.21164,5.3112383,1.7177207,0
1.6799999,-0.40000001,0.58974361,-0.93237466,16.707644,12.977571,6.4604712,10.312413,89.062721,0.59283239,285.97778,21.911724,1.0934891,0
1.71,-0.37400001,0.51282054,0.19002107,12.012104,8.1055155,36.544353,8.9801273,59.164429,-0.89593917,285.56284,5.8805995,0.70649797,0
1.47,-0.28099999,0.42500001,0.29088077,10.734904,9.6180372,16.502222,9.7375422,84.597931,-0.96934032,283.84705,6.784451,0.78632629,0
1.46,-0.221,0.30000001,0.98076117,13.907507,10.68822,49.622047,9.7633381,93.974693,-0.53140527,280.6329,20.988058,0.89830482,0
1.35,-0.035999998,0.34999999,0.5999189,14.936391,13.26614,3.4489975,18.412979,143.37465,-0.96157986,289.24811,5.3665009,1.1091338,0
1.38,0.026000001,0.32499999,-0.7275362,22.700426,24.501017,0.23644453,14.397249,208.80296,-1.265973,296.88943,1.7676864,2.1307931,0
0.81999999,0.064999998,0.30000001,-0.93367654,25.836954,26.534042,1.6816591,9.3292637,225.76294,-1.1979151,298.95056,0.47619528,2.2482226,0
0.050000001,0.2,0.32499999,-0.94323796,31.166288,41.147835,0,5.8567705,286.33261,-1.5085163,305.0426,0.031872366,3.6605918,0
1.38,0.27599999,0.25,-1.2902591,32.199928,39.372925,8.6640854,6.2722483,265.81335,-1.4391336,301.95584,1.8159586,3.4864471,0
1.74,0.27599999,0.2,-1.398544,32.216358,32.432682,20.88525,15.655149,231.9128,-1.3697829,305.63187,12.743505,2.9709685,0
1.4400001,0.191,0.2,-1.5142963,29.240463,31.165752,10.587771,20.007814,187.50046,-1.2803261,300.99915,19.866335,2.7151952,0
0.68000001,0.043000001,0.12820514,0.15670088,25.762419,24.213177,24.722908,12.908441,143.14404,-2.0926328,292.41409,11.729732,2.2101917,0
0.93000001,-0.072999999,0.17948718,0.60606003,16.262117,11.633849,32.966602,9.8390388,97.1408,-2.4051204,283.4346,6.8562326,1.0043862,0
0.94,0.039999999,0.23076923,0.95801479,9.9706192,7.3490467,35.805069,7.7902136,59.917912,-2.4638386,278.56201,33.499004,0.67014182,0
0.23,-0.045000002,0.27500001,1.2370356,10.646418,8.6097984,26.581528,14.88587,73.775124,-2.1118102,285.98157,20.085068,0.75285804,0
0.47,-0.12,0.22499999,-0.34146765,14.840322,12.466702,8.4725351,14.275948,97.305069,-2.173785,291.94748,5.6320276,1.1725838,0
0.49000001,-0.014,0.2,-1.0396478,17.369579,17.214584,2.3434341,11.530685,169.79967,-1.4693435,287.04385,2.5142403,1.5712277,0
0.34,0.046,0.2,0.56401992,20.398441,19.213947,33.26926,16.590773,177.31104,-1.2211902,297.06458,18.687902,1.7345803,0
0.37,0.132,0.2,-0.30577275,25.783373,30.51948,0,14.567369,242.35764,-1.6855063,292.00342,0.17402288,2.6282203,0
0.20999999,0.16,0.2,-0.34324169,31.175922,40.78064,0.82132661,7.7445226,259.38153,-2.0523183,305.49442,1.9766588,3.5625653,0
-0.15000001,0.104,0.22499999,-0.51487774,34.646133,38.009853,17.720139,29.269159,254.79027,0.78413272,302.15048,34.624111,3.2621655,0
-0.88,-0.014,0.57499999,0.72243339,32.099697,29.968346,52.55275,58.889645,202.14888,0.60748577,305.43216,88.650757,2.3961613,0
-0.98000002,-0.101,0.44999999,-0.57627225,29.018282,30.716785,0,15.009997,198.54172,0.61690843,299.97971,1.9320748,2.7612062,0
-0.36000001,-0.177,0.38461539,0.70460451,25.79701,23.85384,40.524544,5.2248583,147.70793,0.7567547,297.33942,1.3317183,2.0935297,0
-0.059999999,-0.154,0.35897437,0.6988495,16.789068,13.61938,20.425972,3.2434242,92.067535,2.858706,285.45126,8.6736917,1.1434124,0
-0.14,-0.17,0.33333334,-0.67267847,11.887211,10.065241,2.9962606,4.1819787,86.239334,-0.89764947,278.77673,0.045331951,0.81494856,0
-1.24,-0.228,0.47499999,0.53435767,10.221822,8.8530779,37.669716,15.391113,82.640129,-1.134517,286.02911,44.451744,0.69035518,0
-1.45,-0.163,0.42500001,-0.62713712,14.124512,13.339798,0,13.978363,89.070793,-1.1901834,292.00571,0.024576595,1.0688775,0
-1.24,-0.25999999,0.30000001,-0.84103823,19.240187,19.840569,27.680637,14.122782,162.30936,-1.7564861,295.93576,9.9686165,1.6968691,0
-0.31999999,-0.296,0.27500001,-1.5578909,25.159101,29.699432,0,15.166732,213.30109,-0.56230718,295.41397,0,2.525758,0
-0.090000004,-0.153,0.27500001,-1.7748528,26.410658,32.94614,0,7.5284238,253.65111,-1.2872071,297.16211,0.14981703,2.6821308,0
0.11,0.083999999,0.27500001,-1.6983097,30.53092,42.59621,0,5.6216049,281.02698,-1.4168825,307.39569,0.0027599561,3.594676,0
0.56,0.17,0.27500001,-1.7849057,34.595711,44.214287,16.0315,13.794691,266.25076,-1.4478419,305.48111,22.164488,3.8265285,0
-0.44,0.106,0.25,-2.331526,32.534481,35.971756,4.9535928,30.92137,228.43924,-1.3959574,304.01501,16.055767,2.673924,0
-0.56999999,-0.102,0.15000001,-2.4538879,30.563612,36.194317,8.2567463,10.070831,220.49489,-1.3056552,302.52707,4.3046522,2.9042125,0
-0.50999999,-0.13,0.15384616,-2.2618835,24.071657,23.290808,15.123297,9.5750675,153.14954,-1.4035993,289.9642,7.6031456,2.000999,0
-0.75999999,-0.15700001,0.12820514,-2.5308888,17.568745,16.897549,3.4579935,3.4691882,100.61176,-1.6688952,282.11786,0.76142764,1.4219673,0
-0.1,-0.16,0.07692308,-2.7994239,12.05608,11.536077,8.5137348,1.7805882,77.637421,-2.3164363,282.29996,1.5377287,0.94581097,0
-0.41999999,-0.30599999,0.125,-2.5246193,11.356091,9.9020882,22.096157,8.4608583,75.83429,-2.1492803,284.38214,22.506605,0.82206434,0
-1.28,-0.169,0.15000001,-2.4270031,11.391493,10.228677,14.762794,10.850538,82.311012,-2.4056165,290.14053,8.2597752,0.87029028,0
-1.24,-0.186,0.1,-2.8411856,17.862938,16.86232,7.8093948,10.83215,148.78244,-2.7945602,289.36481,0.63179392,1.4792948,0
-0.15000001,-0.124,0.125,-2.9548831,22.368734,22.14081,6.8174243,11.81023,182.48553,-2.3188336,292.36566,5.0997386,1.8094382,0
-0.31999999,-0.066,0.1,-2.890728,25.216425,28.835186,2.8939452,7.6728306,242.23615,-2.5797811,296.01315,0.24013481,2.3277166,0
-0.25,-0.063000001,0.1,0.054326531,31.805738,44.7066,3.3570056,5.5439763,274.80023,-2.9247267,307.69714,0.42026263,3.8260665,0
-0.31,-0.028999999,0.175,1.1674883,33.05349,33.946117,59.748695,44.634243,207.85254,0.085357346,305.80124,68.432014,2.7021792,0
-0.43000001,0.045000002,0.47499999,2.2384744,30.839544,31.657413,68.2034,47.858078,222.15442,0,306.00565,86.03804,2.5558448,0
-0.25999999,0.14,0.77499998,2.7147689,29.732662,26.751247,43.535107,45.495514,166.75984,0,297.27219,66.352661,2.2632189,0
-1.16,0.106,0.82051283,0.31825021,24.060539,24.280657,7.9466901,22.656294,148.20599,1.3859253,296.53824,9.4212008,2.0656335,0
-1.88,-0.061000001,0.74358976,0.008918304,17.538467,15.73365,10.81603,4.7637296,118.35255,3.3298657,287.77356,3.3609641,1.3288683,0
-2.22,-0.043000001,0.58974361,0.041125942,10.538403,9.3563423,24.131203,3.0991333,79.943939,4.2128682,281.90417,2.8193517,0.82887512,0
-1.8,-0.20200001,0.60000002,-0.03343951,11.27091,8.2105923,17.143639,9.2015152,65.31662,3.7822664,283.09146,10.715352,0.73872703,0
-1.09,-0.124,0.44999999,-0.7410444,16.193344,15.98508,10.829013,10.835627,104.37205,3.0152497,287.97263,33.932407,1.3074274,0
-1.11,-0.077,0.80000001,1.5858116,13.325894,10.106022,72.066338,46.104012,121.06291,2.1127582,289.74881,75.537148,0.83611423,0
-1.63,-0.14,0.85000002,1.8598623,19.653797,20.49551,0,23.822592,195.91498,1.6395526,294.57465,0,1.7996868,0
-1.65,-0.161,0.85000002,-0.094197899,24.104862,29.357054,0,10.490793,248.61301,1.8532172,292.80695,0,2.3818638,0
-2.25,-0.13699999,0.85000002,-0.11398018,28.393463,35.826927,0,8.476862,234.687,3.846781,302.7663,2.2790406,3.0619915,0
-1.5700001,-0.115,0.85000002,-0.62029845,32.940769,40.544895,6.8570518,10.693854,250.98459,-0.17689826,303.41092,7.7053981,3.3480196,0
-0.57999998,-0.117,0.80000001,-1.1278819,32.682323,36.830715,10.307629,24.075771,234.61865,-0.26435012,305.30609,25.848724,3.1047242,0
0.37,-0.045000002,0.69999999,-1.2178165,29.774803,29.634377,13.020637,21.597118,177.97746,-0.14590681,302.05685,15.735415,2.5567014,0
0.41,-0.27000001,0.64102566,0.2247456,25.568964,28.121246,26.760473,12.439135,161.07474,-0.86905694,284.08795,6.8712645,2.3923659,0
0.56,-0.26899999,0.61538464,0.37279239,15.912217,13.579181,22.603464,6.1862869,97.231949,-0.84005541,279.13953,1.2185869,1.1830986,0
-0.20999999,-0.222,0.79487181,1.0741305,12.345318,7.4980664,53.663616,16.956663,66.530464,-1.1961513,282.27414,66.616783,0.57073206,0
0.079999998,-0.199,0.875,1.5722765,11.283259,8.7737875,35.220551,19.41433,87.581398,-1.1744804,288.48358,13.584571,0.68730885,0
0.17,-0.103,0.875,2.3433573,14.829825,10.15222,53.447124,30.640766,83.487694,-1.5504544,291.74182,52.470322,0.73222125,0
0.12,-0.101,0.875,3.7013428,16.137798,11.052328,68.79509,36.227657,116.71137,1.6382331,288.73648,41.991295,0.95145613,0
0.55000001,-0.193,0.875,4.7812304,22.500921,23.103825,18.200338,23.44582,186.70844,1.3218172,302.88101,0.40504339,2.2343383,0
1.26,-0.23100001,0.875,5.7714972,26.551254,27.128637,31.490011,11.588664,209.56097,2.2053261,300.54752,2.695863,2.4502041,0
1.22,-0.15899999,0.875,5.4964795,30.071196,38.630123,4.1266179,6.4381227,281.79028,2.9108524,302.05377,0,3.333497,0
1.5,-0.228,0.89999998,5.8623738,32.011879,35.714325,52.956348,19.793077,263.53683,-0.15606879,305.14453,20.128462,3.2983234,0
0.85000002,-0.38999999,0.85000002,5.8537693,31.873123,31.94615,48.831329,29.280846,207.79269,-0.093987711,302.10059,33.428978,2.7582064,0
0.44999999,-0.37900001,0.75,4.8408456,30.159216,33.929047,6.5363469,15.674762,193.72618,-0.13796391,301.19446,2.0109186,2.9012833,0
1.28,-0.30899999,0.69230771,3.9887242,24.942068,26.173891,6.9305549,5.5080733,143.85388,-0.42739657,289.99051,0.21945998,2.1984076,0
1.3099999,-0.34400001,0.66666669,3.1683156,14.682707,14.050063,0.79550678,1.5300281,98.160973,-0.17346697,283.37085,0.0024889226,1.1535367,0
0.33000001,-0.294,0.84615386,4.9130096,10.388751,6.593225,94.370247,13.997256,56.486618,-1.0506501,284.44101,56.758987,0.53334504,0
-0.28,-0.249,0.94999999,7.6448059,12.702578,7.0337481,127.16122,29.39406,59.282501,-1.3174958,287.66855,101.10764,0.45990485,0
0.02,-0.19599999,0.97500002,8.145772,13.103239,7.8908281,56.942608,34.963577,74.133591,-1.6887794,282.44925,75.421265,0.58068269,0
0.23999999,-0.25299999,0.97500002,8.3550262,16.691544,13.168966,36.3894,38.559921,120.10767,1.293636,290.75537,18.340729,1.2388167,0
1,-0.183,0.97500002,9.3253813,20.911234,22.07379,0,23.241549,205.63565,4.3045254,299.4093,0,2.1318605,0
1.79,-0.17299999,0.97500002,9.9624882,26.912401,31.109221,5.3004217,12.851797,257.92764,5.6696014,301.73883,4.1493773,2.5916567,0
2.05,-0.191,0.97500002,8.8336992,29.715025,40.926346,0,6.9386582,270.25049,5.1357818,306.04895,0.0053423573,3.4134598,0
1.48,-0.28600001,0.97500002,7.3107443,31.918955,39.359684,3.2498488,6.3325992,276.75177,-0.17689826,307.10431,0.65972847,3.2913432,0
1.96,-0.23800001,0.94999999,7.2119155,32.15052,34.742378,51.213871,22.741165,209.99521,-0.030892098,301.02142,26.439121,2.9568837,0
1.15,-0.17399999,0.92500001,6.0738087,29.143045,32.585499,6.0697765,31.902273,196.55713,-0.081027538,301.35577,19.791729,2.7153363,0
1.3099999,-0.25299999,0.8974359,5.835516,23.741983,22.092878,29.136253,12.17869,160.37846,-1.0573046,289.86331,7.9044151,1.9906613,0
1.13,-0.32800001,0.92307693,7.1127763,14.890402,12.618771,76.200768,17.453588,95.525101,-0.98785174,287.44815,50.489777,1.1436394,0
0.67000002,-0.303,0.92307693,6.0366049,11.452685,9.9788055,2.0858064,12.24465,91.611313,-1.195008,287.11258,1.7174939,0.93964767,0
0.85000002,-0.30599999,0.82499999,4.8618646,12.17848,11.534554,2.1638324,8.2518005,94.482857,-1.1309707,280.90372,1.8244268,1.0359946,0
0.33000001,-0.31900001,0.85000002,4.3927741,12.231903,10.985846,22.966705,18.526035,90.101257,0,288.168,27.617836,0.91855192,0
0.27000001,-0.289,0.75,4.2878094,17.05405,14.058653,38.697819,22.786873,133.16417,-0.63043815,294.55597,15.31039,1.3253456,0
0.49000001,-0.20999999,0.75,3.7202222,21.389112,22.540749,4.3834786,15.942544,203.40625,-1.1554893,292.54001,2.484071,1.9669629,0
0.55000001,-0.21699999,0.72500002,3.591975,24.045067,26.779428,12.329798,11.992428,219.28297,-0.87095666,304.34827,2.1380486,2.329031,0
0.1,-0.23199999,0.72500002,3.1941392,31.703379,43.50066,0,7.131218,297.71298,-0.84417647,308.78366,0.73827326,3.817744,0
-0.91000003,-0.241,0.625,2.4569466,33.700336,42.959908,10.58645,8.5731735,296.11557,-0.80638045,305.51892,4.8209338,3.7753208,0
-0.88,-0.24600001,0.72500002,1.5027443,34.143383,39.421249,6.584352,44.692112,240.28972,-0.70870179,303.7077,55.817394,3.0361557,0
-1.51,-0.163,0.64999998,1.621962,30.120461,30.876211,29.260101,22.732515,191.23654,-0.64243251,301.66006,13.214714,2.9478943,0
-1.0599999,-0.07,0.56410259,1.4468071,22.034084,20.041809,14.078569,6.2852459,139.5547,-1.4153337,293.0314,1.4402775,1.891723,0
-1.9299999,-0.029999999,0.64102566,1.3805612,13.652503,10.626988,15.203526,10.855198,95.331451,1.0085952,284.86298,25.641552,0.94762784,0
-2.22,-0.101,0.82051283,2.5217135,11.961487,7.7134128,70.901268,18.854485,66.78389,-0.5257166,280.87411,61.494263,0.63231283,0
-0.86000001,-0.072999999,0.92500001,3.2196705,10.892765,6.3704391,46.156387,24.523338,64.916809,-0.79642904,284.48444,37.105328,0.52998513,0
0.02,-0.050999999,0.92500001,2.6725376,15.97737,11.682833,13.51502,31.335707,91.278633,0.48195913,289.23557,43.766373,0.95849198,0
0.46000001,0.0049999999,0.89999998,2.6061022,16.884066,13.320256,26.574467,35.935585,147.53944,1.8914833,288.95218,26.935062,1.2310164,0
0.49000001,0.064999998,0.89999998,2.7380297,18.879416,18.982952,8.9803524,20.816414,182.57611,2.4336169,298.1842,12.54132,1.7082072,0
0.88999999,0.26100001,0.89999998,2.7022595,23.221556,25.296751,0.52425551,13.706991,243.17889,2.90347,301.241,0.44991836,1.9688554,0
1.03,0.35299999,0.89999998,2.5839517,28.633785,37.847908,0,7.3411422,261.97015,2.9752612,305.16541,0,3.1846347,0
1,0.303,0.875,-0.68558532,33.263355,44.904789,1.6912919,5.4659581,278.8728,3.1368523,309.04028,0.21807767,4.0234013,0
-0.11,0.17200001,0.89999998,-0.19237266,34.154812,39.239742,44.551174,47.094959,233.95035,-0.080358453,307.99799,63.780087,3.1132832,0
1.22,0.043000001,0.875,-0.10669002,31.514349,34.002686,23.301727,16.021276,205.11208,-0.12573847,296.21823,3.0005252,2.8142655,0
0.63999999,0.090999998,0.79487181,-0.61298537,23.88113,26.77408,0,5.5872517,138.73355,-1.1128585,291.67685,7.5243814e-05,2.4863086,0
0.050000001,0.116,0.8974359,-0.30216482,18.824152,15.089887,31.785055,15.374524,106.2947,0,291.2233,22.479237,1.4338489,0
0.44,0.030999999,0.69230771,-1.1207522,12.990934,10.88538,0,4.961998,73.613777,-0.86242789,285.30072,0.12997147,1.0696367,0
1.01,-0.021,0.55000001,-1.6568351,11.928455,11.961189,2.0610509,3.8205056,100.84527,-1.1576818,287.18808,0.00024864342,1.0872756,0
1.01,-0.043000001,0.52499998,-1.8155382,16.009047,12.717894,25.640118,7.5844421,98.247025,-0.71532452,283.409,16.755745,1.099671,0
0.85000002,-0.068999998,0.55000001,-1.8976829,16.654608,16.162975,18.210688,22.261755,162.01878,-1.3275789,291.98877,11.51196,1.4199108,0
1.37,-0.0020000001,0.55000001,-2.2535896,21.349375,23.890266,0,12.59678,215.91609,-1.8494333,297.79514,0.00011980961,2.1513152,0
2.1300001,-0.075999998,0.5,-2.4202697,26.97794,34.285542,0,7.7841334,274.17075,-1.8667365,297.90027,0.00085032434,2.7782962,0
1.1,-0.13500001,0.5,-2.2811005,31.635906,44.799751,0,5.7414703,294.98544,-1.8791301,305.51074,0.15237604,3.881104,0
0.56999999,-0.116,0.55000001,-1.7482239,34.061768,38.046604,33.521442,29.728073,275.52313,-1.8624718,309.59946,42.210407,3.4475596,0
-0.66000003,-0.02,0.44999999,-2.1241534,33.373161,36.241558,11.44278,27.373566,227.18349,-1.7762618,304.39389,24.047119,2.9932809,0
0.07,-0.013,0.82499999,-1.7255108,27.883934,24.046642,24.300524,59.24538,173.97539,0,301.91699,84.919632,2.0583484,0
0.40000001,-0.156,0.71794873,-1.938803,23.06032,23.617731,2.9811137,9.1366549,150.11549,0.46874237,287.45544,1.976271,2.1056991,0
0.38,-0.185,0.69230771,-2.0216229,16.882277,15.370985,9.2323065,4.5903115,115.08802,0.29567987,280.15518,2.9955857,1.3484279,0
-0.029999999,-0.16599999,0.53846157,-2.5885353,12.122397,10.668948,0,2.3894718,81.809669,2.1032646,289.23233,0.45224929,0.95409024,0
0.44,-0.103,0.69999999,-2.3137746,11.549805,7.8478918,23.487453,12.979204,77.31205,-0.30282059,287.8425,29.717381,0.71804416,0
0.28999999,-0.046999998,0.57499999,-2.4034486,13.518164,12.109509,15.134358,11.817489,97.158348,-0.66316658,282.14975,9.9520884,1.0725708,0
0.38999999,-0.0060000001,0.5,-3.045085,18.57789,19.785303,2.0200355,18.510477,164.47495,-1.2695274,292.10086,0.014420846,1.8133911,0
0.73000002,-0.0040000002,0.52499998,-2.9251258,20.068632,19.88768,9.2390184,14.08986,193.9187,-0.67967623,296.59628,7.3070126,1.7409523,0
1.59,0.028000001,0.47499999,-2.990834,28.292135,34.508518,2.0196252,11.734292,250.94388,-1.0512949,304.64175,2.693748,3.0547702,0
2.55,-0.003,0.47499999,-2.7852681,29.7085,37.372261,0,6.2594161,264.02213,-1.576712,302.76184,0.031504709,3.1811242,0
1.49,0.048999999,0.375,-3.0539649,32.629932,41.874184,5.519959,11.724635,277.17697,-1.2154436,304.98572,11.003341,3.8731494,0
2.27,0.0040000002,0.30000001,-2.2896411,32.921074,33.520432,44.535564,19.419479,226.90523,-1.0443659,304.33105,11.134769,3.1717031,0
1.8,0.097999997,0.27500001,-2.2839041,30.73279,29.320221,12.846304,24.882504,164.30345,-0.98845047,301.40009,29.23527,2.5644431,0
1.78,0.139,0.25641027,-2.3174653,22.742489,22.042465,6.4856997,11.147216,169.93967,-1.5094627,293.20236,0.048443872,1.9625742,0
1.48,0.039999999,0.20512821,-2.3548994,16.765718,14.557237,9.2195635,5.8644361,91.469704,-1.9394071,286.25964,7.8500891,1.3812537,0
0.99000001,0.12,0.38461539,0.45048186,10.133449,7.203661,37.819225,12.422925,77.017624,-1.7372463,286.68881,43.050655,0.6427229,0
1.05,0.118,0.40000001,0.1712665,12.624594,8.9432831,10.710299,13.242126,65.196968,-1.940405,285.09033,7.7914476,0.78040898,0
1.52,0.28,0.69999999,2.6272359,11.048194,6.1937823,107.3859,28.980511,69.127991,-1.9448328,281.01831,87.683601,0.56425583,0
1.29,0.31,0.77499998,3.5486314,14.845939,11.146617,46.986179,36.000698,129.10468,0.81443667,283.68704,34.618618,1.1132786,0
0.029999999,0.28,0.77499998,4.2445526,16.643396,15.124279,6.6712966,23.341772,167.47873,0.36498785,298.1774,1.4872364,1.5035847,0
-0.82999998,0.37200001,0.77499998,4.9774132,22.879507,24.195951,1.5545875,11.077627,221.78008,2.5572724,299.16241,0.33061689,2.0431855,0
-0.77999997,0.47799999,0.77499998,5.1455903,27.503336,34.722076,0,6.5777793,280.42371,2.9514353,305.87854,0,2.9910686,0
-1.16,0.47600001,0.72500002,3.6162004,33.241699,37.381306,25.922829,11.344448,256.84161,-0.10041669,306.29245,10.372735,3.5797486,0
-0.87,0.50099999,0.625,-0.41328582,33.444115,36.166409,16.225616,21.575113,224.67386,-0.17714453,307.23645,17.210598,3.1867299,0
-1.7,0.40099999,0.67500001,-0.35754284,30.36516,30.752234,20.701109,46.793861,183.16289,-0.21255557,296.32431,50.118496,2.3914948,0
-2.23,0.37,0.58974361,-0.26197961,22.509392,21.426796,16.828716,8.5342503,158.28911,-0.83554244,287.50787,0.2775448,1.9647697,0
-0.97000003,0.30500001,0.53846157,-0.57169455,16.465933,13.623809,6.5805864,3.0480585,93.828896,-1.1181506,284.83191,5.6186299,1.352531,0
-1.09,0.26800001,0.48717949,-0.86970782,10.809787,8.7834797,11.052785,3.4792044,87.913208,0.69081837,289.56165,0.22115394,0.94381517,0
-0.77999997,0.039000001,0.34999999,-1.5666157,12.917935,12.374438,0.60088444,3.2399688,98.175781,-0.65268409,286.8689,0.053462565,1.0974662,0
-1.0599999,0.046,0.40000001,-2.0174284,14.462514,13.899309,9.047924,13.794425,97.660805,-0.87581861,291.02374,19.764492,1.1948745,0
-1.1799999,0.057,0.32499999,-2.4218156,17.093832,15.93899,6.8680029,10.267743,148.757,-1.4683547,290.10968,1.9597707,1.3934323,0
-1.85,0.039999999,0.47499999,0.045972668,17.866446,16.480606,30.053591,20.823179,179.03545,-1.9737078,286.11548,20.952797,1.4575362,0
-2.3199999,0.15000001,0.42500001,-0.26633155,24.25668,28.789524,0,10.824127,250.45161,-1.8748051,298.56543,0.0027739552,2.4366543,0
-2.3399999,0.168,0.42500001,-0.27326104,29.867407,37.829105,1.4170059,6.6263957,270.00803,-2.2428095,306.41312,1.0747291,3.0927527,0
-1.87,0.186,0.77499998,0.73976117,32.079235,29.877628,54.664948,56.422306,234.41867,0.90060574,304.68665,103.86444,2.6305432,0
-1.84,0.29499999,0.77499998,-0.52467752,32.714676,36.467758,16.224319,16.999016,223.49031,0.70232701,301.4856,5.3239079,3.3405013,0
-2.24,0.17299999,0.89999998,-0.2486911,29.91486,29.268789,26.174126,48.160915,199.44846,0.6446479,300.85919,73.483482,2.4266794,0
-2.54,0.0049999999,0.92307693,-0.83051825,25.068752,28.86631,0,11.780657,199.03326,3.2035348,293.45895,0,2.6260645,0
-2.1800001,-0.059999999,0.84615386,-1.464709,18.866693,19.76185,0,3.1771801,142.89041,2.0808542,292.87622,0.00025244791,1.7485924,0
-1.92,0.003,0.74358976,-2.0865507,12.098443,11.888974,0,1.2203684,94.693443,3.3275726,286.32825,0,1.0172267,0
-2.2,-0.094999999,0.72500002,-2.6483996,13.23963,12.80863,2.037487,1.8610657,95.258789,-0.38408712,285.01263,0.39601791,1.1378225,0
-1.28,-0.050000001,0.55000001,-3.2534585,15.0662,13.818528,1.8582336,2.662209,98.02578,-0.88846487,285.01324,0.59425497,1.07338,0
-0.66000003,0.092,0.72500002,-1.9752066,15.920272,13.576547,61.376957,26.546364,136.06017,-1.4874293,288.04663,44.080173,1.2616829,0
-0.63,0.029999999,0.69999999,-1.991141,22.18054,24.427946,1.5346251,18.525738,201.66536,-1.9779339,295.13608,0.058411881,2.1678612,0
-0.81,0.093000002,0.69999999,-2.2004728,27.488987,35.672993,0,8.9900436,256.01486,-2.5374453,302.83148,0,2.9679289,0
-0.63999999,-0.029999999,0.69999999,-1.4899524,31.617628,38.162182,12.150004,6.6304379,270.68591,-1.2654667,304.19794,3.4795818,3.2534394,0
-1.51,0.059999999,0.60000002,-1.8879727,33.857506,43.382591,6.1405153,12.87054,301.16974,-1.309018,306.38593,5.2325883,3.9428301,0
-1.6799999,0.090999998,0.52499998,-2.1275673,33.074306,34.46608,14.941054,36.340206,208.15973,-1.2798616,300.5625,41.443176,2.8242879,0
-1.45,0.090000004,0.40000001,-2.5242205,30.787901,36.653843,0,15.626204,214.25232,-0.98050553,302.62958,1.2858584,3.0711935,0
-1.61,-0.052000001,0.43589744,2.485352,22.388201,17.589384,95.510155,10.082959,137.963,-1.7041863,285.04474,21.461514,1.6169683,0
-1.04,-0.064999998,0.48717949,2.6401658,12.284428,9.1184797,13.281458,10.814578,86.818115,-1.0328478,290.19876,3.7839983,0.95188272,0
-0,-0.139,0.30769232,1.6476228,12.734642,10.862429,0,5.2823982,104.84988,-1.8454164,287.19431,0.0009385827,1.0787307,0
0.47999999,-0.139,0.25,2.0720518,10.881599,7.4677892,41.515205,8.7882385,81.277039,-1.1569035,279.78497,20.733978,0.71207964,0
-0.0099999998,-0.039000001,0.25,2.1041074,12.208284,9.4907904,22.149153,11.89045,84.300049,-1.3988684,281.93494,17.653847,0.86683005,0
-0.41,0.003,0.40000001,2.1473598,16.387011,13.706956,27.290096,26.020416,136.17375,-1.9452285,293.21692,19.954468,1.3205501,0
-1.1799999,-0.024,0.40000001,2.0433831,20.10317,19.91608,18.706356,18.87801,175.92987,0.12121696,298.39404,10.74147,1.8189625,0
-1.12,-0.021,0.375,-0.38946965,28.283821,36.305645,0.96614826,15.594569,254.77356,-0.17692864,304.37592,6.796958,3.0933557,0
-1.22,0.186,0.34999999,-0.42845309,31.451662,41.976822,0.64225185,11.10166,286.10883,0.11036631,307.5405,5.1901984,3.5600991,0
-2.21,0.123,0.34999999,-0.48267332,33.255287,38.474667,20.633493,24.912428,275.66882,0.47448373,304.12128,29.932049,3.3117862,0
-1.6799999,0.16599999,0.22499999,-0.92714411,32.953514,36.462173,13.026636,22.881191,202.99768,0.70235938,302.54419,6.0059752,3.3362625,0
-1.98,0.27399999,0.175,-1.4723583,31.963634,39.986206,0,15.131795,206.63213,0.9062857,302.14072,11.693903,3.1513443,0
-1.91,0.23899999,0.17948718,-1.74071,25.048298,25.39403,4.9155226,15.57146,143.20844,0.85220653,296.06653,13.637176,2.1808414,0
-1.25,0.14399999,0.1025641,-2.1165135,19.143766,16.502897,5.3821268,4.1839042,111.0833,-0.76838428,282.75629,0.38915583,1.3934519,0
-1.12,0.20100001,0.1025641,-1.9248222,10.224342,8.5602226,21.21233,2.0491679,79.02523,-1.2650909,285.4715,1.5852047,0.81725436,0
-0.41999999,0.169,0.1,-2.3660958,12.259419,10.953612,1.2891142,2.2996874,92.773323,-0.9580974,276.47736,0.63232005,0.96180093,0
-1.51,0.153,0.075000003,-2.9307396,13.930655,15.118454,0,3.2307086,117.16142,-1.3514845,291.2702,0.00046228804,1.2989222,0
-1.27,0.133,0.050000001,-3.3291287,16.474586,17.35181,1.4683282,4.0997682,149.04126,-1.8473442,294.55594,0.46048963,1.3493794,0
-1.23,0.015,0.075000003,-3.6239009,22.949032,25.517044,0.45692748,5.6300983,195.37871,-2.2918899,294.7084,0,2.0085299,0
-1.3,-0.059999999,0.075000003,-3.5937569,25.418644,32.798508,0,5.5257826,242.36058,-2.8394716,304.44891,0,2.5456729,0
-1.1799999,-0.12899999,0.075000003,-3.3358335,32.352631,47.703102,0,4.7423677,305.33417,-3.1640613,305.95697,0,3.8881721,0
-0.70999998,-0.078000002,0.075000003,-3.0715082,34.013165,42.225666,21.278509,10.136135,278.95834,-3.0150611,305.89758,10.661504,3.5619664,0
0.11,0.093999997,0.075000003,-3.619153,33.306763,41.318493,0.93506324,13.822289,250.15421,-2.8101823,305.9447,5.6416464,3.4839344,0
-0.20999999,0.068000004,0.025,-2.8225713,30.900982,34.124359,34.936062,9.9191875,185.46001,-2.5743904,295.09778,6.9513617,2.8156707,0
-0.2,0.098999999,0.025641026,-2.7694006,22.195961,19.724237,6.7826047,3.4979317,129.45639,-2.9440076,291.85269,3.0976286,1.7475897,0
1.08,0.0070000002,0.025641026,-2.6871603,17.563414,16.802435,13.212157,3.2270753,125.67488,-3.4221563,287.46857,8.9673481,1.4228776,0
1.5700001,-0.0080000004,0,-2.8795133,11.36401,7.7999511,8.6811686,5.6746578,72.212151,-3.8018625,282.76672,5.7948918,0.77709329,0
1.45,0.037999999,0.025,-3.2587614,14.769503,12.23397,11.266024,10.676433,91.198784,-3.6669798,291.55429,21.421452,1.1491504,0
1.23,-0.025,0.125,-1.5283184,13.915956,9.7438993,79.830711,18.090843,85.905998,-3.4504757,282.0567,80.717964,0.87442684,0
1.01,0.1,0.375,-1.103289,15.890735,13.348873,19.528824,29.397993,136.21956,-3.5829821,293.63586,21.322691,1.3159906,0
0.36000001,0.067000002,0.34999999,-1.044328,19.483778,20.014305,3.6411865,12.77935,199.67894,0.14707337,290.89313,0.81086969,1.6398817,0
0.20999999,0.139,0.34999999,-1.0326127,25.944256,33.234379,0,8.9693756,239.13298,2.1224058,302.52127,0.0015368829,2.7066202,0
-0.41999999,0.193,0.375,-1.0224841,30.995268,43.133091,0,5.9022822,277.82095,2.0652199,305.78494,0,3.4153831,0
0.37,0.264,0.32499999,-1.1486802,35.10054,45.816803,16.816153,12.006799,296.89786,-0.13519906,302.35611,29.866419,3.7874002,0
0.63,0.403,0.40000001,-0.72764236,33.225266,35.780331,40.088348,46.148064,222.94318,-0.22685948,305.80075,35.876457,2.9174321,0
-0.17,0.44,0.30000001,-0.9220801,31.113119,34.691406,11.747863,16.113325,171.97658,-0.25714988,304.15445,9.7829361,2.6925464,0
0.74000001,0.414,0.33333334,-1.411055,26.934982,28.780573,3.0316403,10.601418,169.89838,-0.19369081,292.15176,1.9966594,2.3923717,0
-0.23,0.211,0.51282054,-1.0346341,15.405033,11.708939,23.535503,15.578231,94.541451,0.33038381,288.39706,48.151329,1.0750148,0
-0.60000002,0.212,0.46153846,-1.5040277,12.358043,11.281441,7.6040058,8.1398849,108.23225,-0.63884532,284.42587,0.74619031,1.0107346,0
-0.55000001,0.198,0.375,-1.6919969,12.592764,9.5703917,14.709954,9.1272373,75.943863,-0.87502646,284.78809,14.330263,0.8528133,0
-0.20999999,0.197,0.32499999,-1.5507174,11.779893,9.8163195,20.960257,13.15578,86.688202,1.3133349,282.63351,11.943163,0.86655599,0
-0.15000001,0.146,0.27500001,-2.0736265,20.256477,19.755665,17.102177,18.967291,164.76862,-0.66439182,298.00861,3.1359367,1.7867401,0
-0,0.096000001,0.25,-1.6430571,21.519289,20.940742,25.394072,15.753902,201.7009,-0.71559131,292.49155,8.7543678,1.834301,0
0.61000001,-0.0060000001,0.22499999,-1.8668627,26.635506,33.470951,0,9.4381552,263.01038,-1.0150808,300.9136,0,2.6797006,0
-0.11,0.16500001,0.22499999,-1.7818384,30.78977,43.050896,0,6.0302505,274.60492,-1.427748,301.07388,0.38915527,3.5342193,0
0.039999999,0.215,0.2,-1.6853759,33.036953,41.125118,20.659796,12.179555,265.21948,-1.0073922,306.24966,14.026154,3.3427196,0
0.23999999,0.30399999,0.175,-1.8745114,32.275925,37.026363,16.941797,18.135639,234.4005,-1.0093032,306.52805,7.5795646,3.3142061,0
0.02,0.228,0.125,-2.0301857,29.917702,34.066216,8.4251146,11.307803,196.24046,-0.93426442,295.36197,8.8487444,2.7029419,0
-0.72000003,0.23,0.1025641,0.21756135,22.719828,21.016298,22.160196,11.343635,128.51031,-1.3551255,287.44528,30.34852,1.6561011,0
-1.22,0.20900001,0.30769232,0.54034168,15.072979,10.048216,26.290945,14.537697,88.093414,-1.9277955,278.46503,16.852505,0.84848845,0
-0.63999999,0.175,0.35897437,0.92475736,11.436221,8.9204016,40.428299,13.542774,82.746223,-2.3988736,284.55511,45.039825,0.77094334,0
-0.15000001,0.097999997,0.75,1.6430938,12.932294,7.5135689,47.690922,21.216257,67.468391,0.86387897,283.2771,38.799385,0.59058982,0
-0.0099999998,0.113,0.89999998,3.6257973,13.56582,7.0101032,93.394585,35.853683,67.39727,0.91784924,286.89536,132.02432,0.50015992,0
0.69999999,0.27200001,0.94999999,3.5008109,15.703382,11.524034,12.243934,31.331411,141.75464,1.7072824,287.30411,2.9421654,1.1469245,0
0.28,0.28,0.94999999,3.9708385,20.439178,21.098635,4.9505997,13.775194,193.4095,2.3321035,292.43399,0.26904586,1.8871187,0
1.36,0.28099999,0.94999999,4.1386061,26.130245,31.370262,0,8.7915421,251.69638,5.8456926,298.59219,0,2.6158321,0
0.85000002,0.315,0.94999999,-0.011840744,30.3241,40.094063,1.8139346,8.9589634,260.08643,-0.52445108,306.75919,5.6603484,3.2527664,0
0.11,0.43399999,0.94999999,-0.32890645,34.661274,47.370537,13.9886,15.284125,274.98236,-0.63349509,301.86816,21.323093,3.7267082,0
-0.41999999,0.428,0.92500001,-0.0060059018,32.015366,32.066315,40.461624,29.727913,228.85342,-0.67391747,305.87802,12.811516,3.0333323,0
-0.99000001,0.40599999,0.85000002,-0.5361622,30.565481,34.980804,2.6461523,12.894831,195.23895,-0.29834852,300.01978,4.1326733,2.9873288,0
-2,0.22499999,0.84615386,-0.73603338,24.251709,22.442131,9.0502357,8.2299967,148.1239,-0.52947557,293.8801,9.1335049,1.8789862,0
-1.89,0.12800001,0.82051283,-1.3013639,18.070427,17.342169,0,5.1068802,123.092,-1.0005422,285.05475,0.0075904927,1.5568086,0
-0.1,0.204,0.64102566,-1.9572406,12.306586,12.108106,0,2.3508296,88.259262,-1.7225928,286.47473,0.015654068,1.1293353,0
0.54000002,0.111,0.52499998,-2.5122283,12.428546,13.023623,0,2.0049381,101.19217,-1.5536727,286.60742,0.014545309,1.0644803,0
0.38,0.063000001,0.47499999,-3.1310396,14.601788,15.507092,0,2.7284908,109.59077,-1.9004332,291.86868,0.0011384585,1.2889729,0
-0.74000001,0.048,0.625,-2.3370965,15.264933,13.193184,41.929249,22.63866,124.41038,-2.3946176,289.6337,43.933826,1.0478094,0
-0.54000002,0.185,0.64999998,-2.5211849,20.429268,20.995335,0.20555222,15.319054,171.15231,-2.8060293,297.65997,1.0034143,1.7420048,0
-0.37,0.296,0.64999998,-2.6712465,27.327641,35.089222,0,10.376588,259.17368,-3.3006313,300.95364,1.3722152,2.8097796,0
0.20999999,0.32100001,0.64999998,-1.6172955,32.612518,45.605377,1.8810942,8.2274294,265.78836,1.0051609,305.95642,4.4362073,3.6535807,0
0.38999999,0.36199999,0.67500001,-1.5082953,34.486828,40.66991,22.369917,44.392788,245.7455,0.77633196,303.05991,52.964874,3.3747594,0
-0.85000002,0.389,0.55000001,0.85441548,32.075176,32.827068,57.123463,31.05377,221.67566,0.66790283,301.30511,32.381126,2.9134784,0
-1.54,0.352,0.625,1.5359881,28.423553,26.717802,44.188484,36.845749,179.56987,0.82744908,301.9567,26.284428,2.3683183,0
-0.46000001,0.322,0.61538464,-0.31819102,22.990778,21.144268,5.3469334,19.366577,143.95221,1.5871354,291.77103,24.133915,1.8172652,0
-0.81,0.27599999,0.56410259,-0.96510887,18.613171,18.088158,0,8.64112,107.56084,1.596187,276.99292,0,1.5493273,0
-0.41999999,0.15899999,0.41025642,-1.3362476,10.726121,9.8992987,6.9105682,3.4190333,87.346535,1.3369069,281.59641,3.0798793,0.89985156,0
-0.69,0.15899999,0.30000001,-1.3695138,9.8886547,8.8803673,12.940086,3.9544864,90.318901,1.8075327,281.63565,6.1741791,0.78703475,0
-0.70999998,0.205,0.27500001,-1.7279493,13.856728,11.95365,10.893084,7.3860245,94.820816,-0.50708163,282.41306,2.1314678,1.0663621,0
-1.1,0.115,0.22499999,-1.8560264,18.597713,19.372652,23.975458,10.612711,162.60744,-1.0376657,290.36163,3.8434324,1.6833098,0
-0.46000001,0.146,0.22499999,-2.0931203,20.880075,21.609011,3.0911367,9.3539658,189.11336,-1.3571748,299.12872,0.18565875,1.8469245,0
-0.28999999,0.098999999,0.25,-2.2804439,27.027954,32.99847,0,7.1162591,231.77553,-1.9277928,300.71887,0.0024350311,2.6243887,0
-0.07,0.075999998,0.25,-2.1537507,31.140322,44.132233,0,5.5350575,297.19501,-2.2200503,306.00513,0,3.6940734,0
0.43000001,0.116,0.30000001,-2.2840199,34.026886,41.146885,12.568242,24.250776,249.78276,-2.1587358,303.62976,57.556667,3.1250324,0
0.090000004,0.041999999,0.42500001,-2.5215538,33.523319,36.695717,14.09512,21.569902,238.94438,-2.0419214,307.63196,7.5545712,3.1786416,0
-0.97000003,0.086000003,0.5,-2.7933371,31.0035,34.309875,2.9963975,37.782818,188.71759,-1.8852605,297.72437,43.47327,2.4031813,0
-2.3299999,0.145,0.46153846,-3.0065186,23.761604,25.120649,0.37706819,10.302182,172.88681,1.0055259,293.32449,0.63114023,2.1484394,0
-1.46,0.164,0.33333334,-3.4851005,19.738962,19.388958,0,3.604172,108.60849,0.18881723,289.11514,4.9787879,1.7045125,0
-0.87,0.097999997,0.66666669,0.98632574,10.593558,7.417604,57.229649,20.199522,71.562576,0.64112729,283.16385,51.868183,0.66282618,0
-1.5,0.017999999,0.64999998,1.6733052,11.023564,8.4190149,40.990673,16.103992,82.986496,0.21695727,278.64932,30.768198,0.70136088,0
-1.46,0.116,0.64999998,1.2692773,12.118265,9.243474,2.4414337,17.716434,81.446114,0,292.68384,3.59338,0.9354049,0
-1.26,0.146,0.47499999,0.57198662,17.250059,17.576658,0,12.620717,159.24942,1.1226691,288.04016,3.0331383e-05,1.5690619,0
-1.79,0.029999999,0.44999999,0.39170843,20.924698,24.330931,0,8.9842052,222.08594,1.5056461,296.50378,0,2.0280337,0
-1.62,0.16,0.52499998,0.77565187,23.940649,26.936567,15.290543,12.009164,235.39505,-0.66016364,299.84052,12.584642,2.2231145,0
-1.85,0.244,0.52499998,0.71742731,31.368149,45.012634,0,12.81758,298.56372,-1.2264043,306.64893,0,3.7688572,0
-1.96,0.193,0.57499999,1.8771764,33.458122,36.913208,63.520908,35.527466,243.86615,-1.2769829,306.70502,46.17083,2.9654269,0
-1.85,0.162,0.60000002,2.3284762,33.124973,35.193142,51.191761,41.030891,230.14185,0.60238224,300.44168,53.377201,2.6855903,0
-1.87,0.186,0.52499998,-0.5721029,30.641083,33.123669,1.3849763,25.617523,197.98277,0.48667994,301.3616,10.116648,2.6872439,0
-1.9,0.090000004,0.48717949,-1.04388,24.178339,26.596348,0,7.6526656,185.58098,1.0438225,298.04031,0.62548244,2.2459993,0
-1.59,-0.012,0.43589744,-1.095484,18.570333,16.813316,17.035686,3.9711561,133.01093,1.8578521,288.07297,13.059386,1.4275651,0
-1.3099999,0.0060000001,0.56410259,-0.74701512,11.856536,8.4606962,34.530403,15.823625,77.879326,-0.62784451,286.92896,46.671551,0.77003396,0
-1.8099999,-0.071000002,0.67500001,-1.1574255,13.313601,10.672763,7.4085789,12.885721,101.34678,-0.92154312,286.88544,0.067181945,0.97738415,0
-1.78,-0.177,0.5,-1.2399882,13.978999,12.065715,22.066559,12.94688,100.51065,-0.8299818,291.6907,8.0103054,1.1253827,0
-2.0599999,-0.17200001,0.42500001,-1.9795663,17.833975,18.116959,0,10.912834,158.05002,0.94101161,287.63409,0,1.5787928,0
-2.23,-0.14300001,0.42500001,-2.0856283,19.943134,21.468393,5.2667894,10.44383,206.04626,-0.65607756,294.6528,4.6103959,1.8006847,0
-1.3200001,-0.074000001,0.44999999,-2.1470346,28.218319,34.523121,4.6800833,9.8884878,244.3054,-1.0968628,300.15082,1.6425016,2.8548832,0
-0.73000002,0.109,0.44999999,-2.0265491,29.277637,36.295475,0,6.0157471,256.97519,-1.6181245,304.7229,0.054068517,2.7825062,0
-0.70999998,0.215,0.40000001,-2.1063526,35.141415,44.264282,14.946569,23.372353,290.07837,-1.3912649,305.57202,19.852337,3.7767668,0
-0.49000001,0.14,0.27500001,-2.2389321,33.440483,43.642139,18.210415,13.907191,259.30765,-1.2612243,306.13016,10.643034,3.6325076,0
0.33000001,0.045000002,0.375,-2.2680373,30.867247,35.347195,11.988892,32.527378,193.84029,-1.1815381,300.31085,35.206303,2.7885289,0
-0.13,0.152,0.30769232,-2.4766293,22.141134,22.144182,0,6.044374,145.48775,-1.3731409,288.7601,0.357775,1.7938195,0
-0.94,0.057,0.25641027,-2.8479409,18.181982,18.419121,0.73623478,2.308234,127.06807,-1.8346686,284.78931,0.47550911,1.5759556,0
-0.50999999,0.07,0.25641027,-2.9681373,10.411387,8.3679781,8.1469259,8.3631859,75.468193,-1.4464605,282.17734,19.814102,0.7736879,0
0.050000001,0.027000001,0.32499999,1.0608009,12.205251,9.3295441,61.288654,15.739952,91.376839,-1.6668501,285.87692,58.89093,0.8177048,0
0.25,0.164,0.625,1.4678363,13.189063,8.7988367,33.230919,21.543613,80.791359,-1.9839048,284.29172,20.3507,0.74191093,0
-0.16,0.27399999,0.60000002,1.8855488,14.606424,11.711739,28.419985,25.224878,144.73064,0.0021612744,293.77029,15.133291,1.2352816,0
-0.039999999,0.41299999,0.60000002,1.2022842,19.493074,19.418951,0,11.239003,190.80998,1.5582688,285.93283,0.087982953,1.6772453,0
-0.18000001,0.447,0.55000001,-0.12906839,22.728973,27.089233,0,8.0732346,237.61629,-0.084242217,299.92029,0,2.2556612,0
-0.79000002,0.435,0.57499999,-0.11560243,30.002874,40.978317,0,5.9230614,273.27106,-0.14510211,306.93311,0.045905609,3.4055095,0
-1.99,0.43700001,0.47499999,-0.56596231,34.434803,41.091778,9.2648048,19.422535,261.2623,-0.30253032,303.14883,21.35813,3.4396498,0
-2.21,0.51300001,0.375,-0.21884388,32.707962,34.850765,37.398109,24.084984,235.90697,-0.37704208,300.51315,21.420891,3.2313211,0
-2.45,0.43599999,0.34999999,-0.84308356,30.803953,37.278034,0.73567057,18.873968,189.49782,-0.38894558,304.436,6.0610714,3.0806797,0
-1.6,0.31099999,0.35897437,-0.63699019,23.990543,21.27306,21.103329,9.6322594,151.26346,-0.60951567,291.10437,7.5269704,1.8581029,0
-1.5700001,0.223,0.2820513,-1.0646886,16.154646,14.98636,0.77744466,3.6061199,113.29128,-0.76520604,279.8602,0.054624982,1.2855967,0
-2.04,0.19499999,0.20512821,-0.87570322,13.56272,10.758784,33.974228,4.0515022,87.22776,-1.4479266,274.93536,20.435043,1.0439556,0
-1.8,0.131,0.22499999,-1.3431842,10.729815,10.122791,0,9.4629478,85.301437,-1.3733597,283.63797,0.59869915,0.96309453,0
-1.46,0.094999999,0.2,-1.1386982,11.08171,10.392026,22.704794,8.9051352,92.988998,-1.7368783,280.96405,16.808022,0.9241544,0
-1.28,0.041999999,0.175,-1.6314929,16.869917,16.627827,5.4351234,16.736021,149.2998,-1.5341125,296.09109,3.1759014,1.5211911,0
-1.02,0.079000004,0.175,-1.7976617,21.475391,22.884621,7.3147707,13.495017,214.27631,-2.0121856,292.65613,4.5564446,1.9266688,0
-0.66000003,0.139,0.175,-1.8404673,23.634537,27.617855,1.9039658,8.7116184,255.44339,-2.0109286,297.08743,0.34986442,2.1616457,0
-1.08,0.16500001,0.175,-1.753314,29.659496,42.022339,0,5.7882805,295.2561,-2.3195322,305.06439,3.6705742e-06,3.4471698,0
-2.3,0.079000004,0.15000001,-1.5148149,33.330791,39.197945,25.774002,14.511866,262.21561,-2.0232019,307.2272,12.197211,3.3451269,0
-2.3699999,0.134,0.1,-2.1188166,35.062096,42.719456,5.042058,7.6694121,282.00159,-1.9008,307.64694,0.1016281,3.91869,0
-2.5,0.131,0.1,-2.4769416,31.156006,36.164043,1.4798301,15.77702,174.72853,-1.7586743,303.12976,15.362808,2.9585774,0
-1.92,0.050000001,0.07692308,-2.6457467,24.345108,25.708582,3.7104387,7.0486398,146.43791,-2.1585941,295.87476,1.2122641,2.2844307,0
-2.95,-0.083999999,0.07692308,-2.2794654,15.502655,11.950933,19.193521,6.3464751,113.90833,-2.9152758,290.29449,10.625339,1.150372,0
-2.4000001,-0.057999998,0.051282052,-1.9917003,9.6908398,6.9404573,22.625751,6.8849182,84.244186,-3.0699069,290.09988,15.095122,0.73392665,0
-1.85,-0.078000002,0.050000001,-2.4859996,12.997176,11.791925,0.30138594,6.3417315,105.06355,-3.087944,288.22812,0.0012438544,1.1487478,0
-1.35,-0.0089999996,0.025,-3.0065372,13.759701,12.292821,0.53923881,4.6770878,90.302803,-2.9039958,283.13171,0.45184937,1.0742333,0
-1.66,0.013,0,-3.0741658,15.607605,16.038658,10.751892,9.2569065,141.65811,-2.7676833,296.03226,8.480257,1.4800869,0
-1.01,0.067000002,0,-3.271549,21.581717,24.008944,1.675721,10.004611,194.49026,-3.1411695,297.06934,2.0191374,2.1100247,0
-2.1199999,0.15099999,0,-3.2276819,26.587255,33.922966,3.1275961,9.5608826,255.6752,-3.585762,302.20221,2.675313,2.8164847,0
-1.63,0.287,0.025,-3.0047386,31.515999,44.339443,0,4.5550733,302.43103,-3.5342247,306.28885,0.023913184,3.6769264,0
-2.4000001,0.36199999,0.050000001,-2.5372891,32.74387,35.773014,28.376263,29.787392,247.21233,-3.243263,303.86041,33.861034,3.1110709,0
-2.5999999,0.41800001,0.050000001,-1.5750436,33.137127,35.669968,53.280563,26.706923,214.185,0.044849783,301.7677,43.006641,3.1675985,0
-2.99,0.435,0.25,-1.8475807,29.845568,28.627438,5.3439703,47.921333,166.6618,0,302.5549,68.252823,2.3844726,0
-1.22,0.31600001,0.20512821,-2.1865354,24.146996,24.702091,0,7.2845902,147.98941,0.17669691,295.75653,0.040558774,2.0983582,0
-0.66000003,0.152,0.15384616,-2.6066592,18.133751,17.691015,0.00090693979,2.980361,104.69359,0.71007973,289.91309,1.2230799,1.5797263,0
-1.3099999,0.12800001,0.15384616,-2.4760592,11.919655,8.9323702,21.510927,5.5371017,80.523918,1.925559,278.49548,14.857494,0.83476084,0
-1.1,0.115,0.175,-1.799981,9.6551342,8.9209757,32.370819,7.5864954,89.257484,-0.38241932,283.27209,15.502225,0.79933637,0
-1.42,0.102,0.175,-1.7314278,11.222138,9.4391508,8.0649977,11.079398,86.153336,-0.80293536,283.88788,5.2065811,0.93722069,0
-1.48,0.145,0.15000001,-2.0533228,17.81909,17.808432,11.473897,19.811811,163.15793,-0.89133888,295.76404,13.173678,1.7053587,0
-0.72000003,0.123,0.15000001,-2.353358,21.264143,23.596998,1.1538681,10.024652,207.66211,-0.87508446,300.39746,0.033770442,2.0356281,0
-0.40000001,0.088,0.15000001,-2.478729,26.211491,31.664436,0,6.769001,268.54904,-1.3896713,300.00894,0.009662807,2.4964173,0
-1.1900001,0.033,0.15000001,-2.3340333,31.727978,45.898899,0,5.2201838,307.14297,-1.3891953,310.22076,0.00022135956,3.8625846,0
-1.34,0.177,0.125,-2.251708,33.525375,35.835064,18.617832,15.163167,256.13293,-1.4212698,306.64423,14.430387,3.0425403,0
-1.5599999,0.18099999,0.15000001,-2.2093272,32.574951,36.929653,23.415468,23.895786,225.48505,-1.3800077,303.34207,29.909672,3.2471502,0
-1,0.242,0.22499999,-2.0855258,29.46594,29.782021,16.046413,32.112728,185.32809,-1.2915097,298.36389,45.482117,2.562433,0
-1.65,0.33399999,0.23076923,-2.2861624,21.552275,22.013597,0.10842432,7.1657381,147.74062,-1.6614352,287.63007,0.66357118,1.9314094,0
-1.09,0.115,0.38461539,-0.88480139,16.864138,13.202228,56.482479,12.58114,107.99062,0.084359489,287.28983,76.918678,1.1744232,0
-1.04,0.023,0.71794873,-0.99468666,11.13173,8.9140377,10.125587,13.590899,96.148232,0.61365044,285.53345,0.39432508,0.86507946,0
-0.56,-0.075000003,0.5,-1.6240034,12.994974,12.65442,0,8.6501217,106.42564,0.19364412,288.82635,0.02239796,1.270103,0
-0.41999999,-0.056000002,0.375,-2.4262018,15.436477,14.40217,0,6.438324,84.376335,2.6335087,290.70532,0.041466601,1.3884573,0
0.30000001,-0.093999997,0.44999999,-2.4730411,18.075478,16.630013,22.319826,17.890766,149.8882,-0.67669183,291.81052,14.451567,1.5627353,0
0.36000001,-0.107,0.375,-2.7548904,21.102795,23.534039,0,9.8230438,203.04807,-1.2647545,293.01688,0.33142763,2.0025625,0
1.26,-0.015,0.40000001,-2.808115,25.244869,31.353951,0,6.994976,265.4538,-1.9167218,304.16806,0.0081473645,2.5855937,0
-0.28999999,0.048999999,0.40000001,-2.6270719,31.185694,43.911743,0,5.7071099,299.86325,-1.814275,304.74127,0,3.6565917,0
0.23999999,0.208,0.69999999,-3.0452704,33.296612,38.772053,1.5308553,60.780304,245.7084,-1.7872592,306.76715,106.09849,2.885541,0
0.33000001,0.32100001,0.75,1.200689,30.897562,29.531006,68.22261,40.131344,211.79449,-1.7083855,306.19699,32.712372,2.6597326,0
0.75,0.296,0.80000001,4.4443297,30.050749,27.179392,132.72632,57.440586,178.78192,-1.5860786,296.75763,67.630936,2.0712621,0
1.42,0.27900001,0.87179488,-0.37786368,24.021894,20.902258,4.0091996,31.053247,139.3268,2.7034283,297.95526,27.999807,1.9628907,0
1.35,0.050999999,0.79487181,-0.89828545,16.840042,15.342321,0,5.8194838,114.64606,2.6093185,290.95319,0.0011714426,1.3445209,0
1.85,0.045000002,0.76923078,-0.91760975,12.566368,7.5057278,24.440096,11.645963,69.373352,3.6086757,280.28549,22.980831,0.77062529,0
1.51,-0.022,0.77499998,-0.9710331,12.298992,8.895752,20.007273,17.367191,90.903,4.0042791,285.28583,24.555763,0.77575648,0
1.52,-0.017000001,0.67500001,-1.8963964,16.362497,12.611171,1.9214731,15.858569,96.262032,-0.50703639,288.12833,0.19003518,1.2066727,0
1.34,-0.14300001,0.52499998,-2.3535702,19.227362,18.232168,13.501023,21.341967,147.75826,-0.34195167,298.71191,12.493642,1.6776525,0
0.89999998,-0.085000001,0.5,-2.5430086,20.951088,21.873253,3.1994848,10.352478,202.70786,-0.041773368,299.33316,0.19614381,1.873284,0
0.33000001,0.030999999,0.60000002,0.65498757,23.045675,23.612986,28.210764,16.311876,218.92665,-0.81460172,303.52054,13.179933,1.9866713,0
0.81999999,0.015,0.55000001,0.79367447,31.717306,41.380066,6.4536967,10.813991,266.93298,-0.89873362,305.31619,1.5123065,3.4854469,0
1.41,0.118,0.44999999,0.17972544,32.526398,36.155891,11.100662,14.775842,270.04449,-0.97297555,306.66846,16.739367,3.0658853,0
0.98000002,0.164,0.32499999,-0.069940604,34.177635,39.697289,22.661079,21.601477,242.38348,-0.23688385,306.46185,13.912475,3.3887727,0
0.95999998,0.28600001,0.47499999,0.53423774,30.35815,28.739367,35.843632,37.597149,177.25688,-0.17000869,304.27332,51.833954,2.4050069,0
0.82999998,0.31099999,0.53846157,1.2557515,24.792082,20.080072,43.241062,25.505346,148.48244,-0.57468498,292.16748,22.05757,1.7522962,0
0.16,0.17299999,0.46153846,-0.036224559,15.078803,12.60123,8.0177336,6.3874102,108.6866,-1.0018193,280.6933,0.94552082,1.1691325,0
0.28,0.215,0.2820513,-0.72046578,10.365541,9.3593454,4.2707739,3.2685688,83.348999,0.74736863,280.29565,1.9139946,0.85022885,0
0.74000001,0.21699999,0.44999999,0.22409233,10.76008,8.5100412,33.931458,13.075017,82.114113,1.1933352,288.35239,27.896362,0.7688731,0
1.3,0.142,0.34999999,-0.9368515,15.983697,16.897306,4.8914251,17.060617,129.08997,-0.507478,293.52982,12.342216,1.4908234,0
1.58,0.17399999,0.25,-1.8339359,19.055737,19.921604,0,9.7260199,152.80141,-1.0787768,286.2821,0,1.7197518,0
1.73,0.163,0.30000001,-1.8103604,20.710081,21.163277,11.35828,14.106985,183.61697,-0.57706296,292.40573,10.726705,1.819717,0
1.59,0.33000001,0.32499999,-1.7517329,24.066925,26.33177,5.2657208,14.708993,224.37329,-0.87710607,298.90253,6.2604055,2.1256011,0
0.85000002,0.39500001,0.30000001,-1.6424423,32.477249,45.473366,0.84450942,7.174468,281.01593,-1.4210027,302.01166,0.45139444,3.7245469,0
0.56,0.41800001,0.42500001,-1.7508719,34.497761,43.232101,15.275135,39.121773,275.78662,0.37472579,303.58575,69.087059,3.542479,0
-0.61000001,0.44299999,0.5,-1.4500101,31.930725,32.444286,33.274128,42.491085,225.68315,0.58268827,304.50183,31.372202,2.8210244,0
-0.80000001,0.44400001,0.42500001,-1.3905305,28.81551,29.060204,16.04126,26.759487,187.88365,0.49770832,297.48108,33.529053,2.3600495,0
-0.43000001,0.366,0.41025642,-1.6266451,25.701635,26.310381,7.4464316,18.877916,152.28438,1.8552818,296.01141,0.0072562704,2.2748637,0
0.95999998,0.37599999,0.41025642,-1.5197072,18.611851,15.086387,20.291183,9.8450108,128.00142,1.8007218,282.14838,24.326365,1.339865,0
0.60000002,0.32100001,0.43589744,-1.2225964,12.381672,8.5496922,32.582077,15.361314,77.950951,1.759194,285.96646,35.182247,0.78075439,0
-0.050000001,0.211,0.625,-0.89997643,11.273321,6.5214653,25.891092,18.352312,72.94976,1.1942083,288.01117,25.131708,0.61702555,0
-0.0099999998,0.213,0.60000002,-0.78493893,15.041322,10.208052,28.130646,20.233543,85.243172,1.5024348,284.91913,30.127001,0.90269428,0
0.1,0.153,0.57499999,-1.5531183,19.12768,19.168793,4.3626399,21.748816,151.74803,1.8870664,288.444,0.22762938,1.8332437,0
0.56999999,0.26899999,0.57499999,-1.9745371,21.846064,24.202747,0,10.678338,207.81494,1.9793175,293.16257,0.49044684,2.1404431,0
0.44999999,0.30000001,0.57499999,-1.9845699,24.663019,29.738636,3.2283707,13.029711,231.69922,2.0272009,301.08975,7.7452641,2.4947186,0
0.34999999,0.294,0.60000002,-1.8916371,32.179581,46.440563,0,7.035666,310.7771,-0.62574452,304.27765,0,3.9069917,0
-0.43000001,0.28799999,0.5,1.2937419,33.434856,36.548283,65.158836,22.799049,272.62424,-0.71296972,306.15714,22.106466,3.4155383,0
-0.62,0.296,0.34999999,0.66796535,32.489799,36.320393,31.332041,17.513731,250.51553,-0.30943143,307.71454,7.5038676,3.4643996,0
-0.18000001,0.336,0.32499999,-0.58158213,29.230669,31.722059,0,15.507538,190.12787,-0.33121693,300.76813,12.854952,2.6162198,0
-0.68000001,0.419,0.2820513,-1.0908194,24.996382,28.148762,0,6.5112438,179.34576,-0.53155762,292.89804,0,2.4504182,0
-0.58999997,0.338,0.23076923,-1.7512368,19.844278,17.496828,0,2.1400323,93.202721,-1.1917555,292.89728,0.013123799,1.6774051,0
-0.029999999,0.34999999,0.17948718,-2.2984598,13.443279,12.491729,5.9300389,1.3591554,107.94532,-1.6065809,289.63531,0.28235176,1.2728285,0
0.40000001,0.15899999,0.2,-2.7468839,14.06385,12.889775,8.1624451,5.3932366,126.33397,-1.8251902,291.39175,9.4126596,1.2255679,0
-0.079999998,0.048,0.1,-2.9326026,13.920534,12.054046,12.258534,5.7851686,82.903122,-2.1437709,280.42328,4.6868668,1.0946873,0
-0.70999998,0.118,0.125,-3.3246129,16.325302,15.757644,1.2487438,8.8841171,139.42589,-2.6035686,296.72876,0.56718731,1.4299924,0
-0.81,0.048999999,0.1,-3.6547523,23.265499,27.266388,0,8.1246328,215.04584,-2.6399877,293.13916,0,2.2299898,0
-0.44999999,-0.015,0.125,-3.6315222,25.744953,31.929026,0,5.9536076,251.12917,-2.9906511,300.74445,0,2.5438724,0
-0.64999998,-0.025,0.125,-3.2742555,31.020063,42.432014,1.8569211,6.5449553,291.16547,-3.2956879,302.63379,1.7373891,3.5912597,0
-0.0099999998,0.003,0.1,-2.881556,33.63298,38.582375,25.635292,20.789463,260.17212,-3.1331303,307.68744,19.263809,3.4810331,0
-0.20999999,0.097999997,0.125,-2.7797282,32.910839,33.984665,22.967142,31.002361,252.33881,-2.9160903,304.57755,30.267784,3.0879004,0
-0.34999999,0.148,0.075000003,-2.9052575,31.573923,35.5495,7.4048762,12.692729,187.28389,-2.558949,301.40582,22.896992,2.9702713,0
-0.56999999,0.12899999,0.74358976,3.4687469,22.078098,13.472023,126.82479,45.605518,129.66829,-2.6292641,291.46106,109.07338,1.2466745,0
-0.69999999,-0.13500001,0.76923078,3.5490744,15.958654,13.77881,8.0321321,8.18859,107.30874,-2.2613151,285.25934,0.82483983,1.3652556,0
-0.20999999,-0.074000001,0.61538464,2.626277,12.205643,8.5571585,4.6036477,9.4484282,84.756882,-2.2349396,279.91345,9.8015909,0.87632704,0
-0.33000001,-0.028999999,0.57499999,2.4119051,10.946993,7.7990971,22.159136,13.675607,73.760216,4.1011357,288.77271,14.851818,0.76192546,0
-0.72000003,0.066,0.72500002,2.9466178,10.350234,7.0629473,44.195583,22.135895,76.786613,-0.47526607,290.19501,43.246487,0.67924625,0
-0.33000001,0.107,0.64999998,2.7906568,16.182428,13.567286,15.036015,25.73987,150.9346,-0.77415764,292.40027,10.221992,1.3206687,0
0.1,0.109,0.625,1.0359489,21.781492,22.648922,3.2591639,12.600503,195.53152,-0.79443514,290.90646,0.39602682,1.9938668,0
0.27000001,0.074000001,0.625,0.90333259,22.050089,21.849308,2.1525486,7.5132608,219.1059,0.7026481,299.04486,0.33293441,1.8206192,0
-0.050000001,0.15899999,0.625,0.83899635,29.95266,40.169212,0,6.1030936,269.63049,0.3774724,307.85373,0.00071323838,3.4227667,0
0.55000001,0.338,0.52499998,-0.17310821,34.054291,44.288303,7.2425628,8.9671917,293.92587,-0.39131078,301.21506,42.372833,3.6159225,0
0.0099999998,0.324,0.64999998,-0.75787884,33.830765,40.527824,9.717494,28.77704,269.09396,-0.43794614,306.34927,0.47134355,3.5924833,0
0.13,0.23100001,0.57499999,0.72165906,30.519896,30.319962,40.709808,23.731895,179.15491,-0.44644928,296.84738,44.206402,2.3694818,0
-0.88999999,0.14399999,0.66666669,-0.28773981,22.700918,23.623266,0,16.222986,173.86575,0.4877803,285.35849,0,2.1630685,0
-0.49000001,0.096000001,0.71794873,1.5182084,17.765369,15.27298,65.757423,12.528223,114.76958,-0.96582752,280.22479,51.410515,1.4053963,0
-0,0.15000001,0.87179488,1.3554939,11.491242,6.7697749,22.163187,20.621531,81.166634,0.49592593,282.43863,27.707991,0.69537026,0
-1.41,0.082000002,0.85000002,0.8615576,11.629176,8.5199976,5.0573478,16.200123,85.050232,-0.71635509,286.11801,0.22790779,0.90113878,0
-1.47,0.34200001,0.77499998,1.185867,12.768125,10.80099,37.528599,14.641214,96.735733,1.4935478,292.12186,11.624096,1.0430863,0
-1.75,0.354,0.82499999,2.4138007,15.845722,10.745551,70.499184,36.567295,120.85985,1.6178186,291.66254,62.980175,0.92572194,0
-1.3099999,0.35499999,0.82499999,2.526629,20.915852,21.712364,1.1973524,18.833979,194.85535,-0.65003258,303.02716,1.7864575,1.9547058,0
-0.50999999,0.252,0.82499999,0.34800905,27.680696,35.571575,1.6541243,9.9972,269.76242,-0.96724045,304.84738,0.00068280543,2.9919562,0
-0.75999999,0.25799999,0.82499999,-0.32453227,31.327265,42.90641,0,5.8734965,296.14542,1.7158791,299.52838,0.03509656,3.5282066,0
-0.89999998,0.34999999,0.80000001,-0.98250592,34.632717,46.860584,1.9034938,12.207307,318.27448,-0.085029148,308.61218,12.362307,3.8133898,0
-1.3200001,0.43399999,0.82499999,-1.5419673,36.332733,48.816383,9.0055695,29.956652,244.17491,-0.18190512,302.84296,26.962292,3.6812491,0
-1.03,0.30500001,0.60000002,-1.9993287,31.585016,39.733974,0.44890243,14.171926,218.17955,-0.21459483,302.47198,0.7821635,3.3233178,0
